data,model,block_size,perplexity
pg19,rope,1024,107.71852346251562
arxiv,rope,1024,270.4863497308824
github,rope,1024,70.53770465415234
pg19,rope,2048,134.65021244771725
arxiv,rope,2048,376.17166863184855
github,rope,2048,104.71129274878925
pg19,rope,3072,184.21991914452278
arxiv,rope,3072,641.7091540610991
github,rope,3072,192.04065972100332
pg19,rope,4096,228.36231658655197
arxiv,rope,4096,897.2337385878033
github,rope,4096,282.3291415115997
